ts,page_name,page_id,mode,pillar,message_len,fb_post_id,success,error_code,error_message,prompt_version
2026-03-14T16:11:54.789091,Contee's Lawn Care,684298664768779,,,0,,0,PERM,[190] Token expired — regenerate in Graph API Explorer,v3.1-short
2026-03-14T16:11:54.435995,TradeCodeTech,607790205752662,,,0,,0,PERM,[190] Token expired — regenerate in Graph API Explorer,v3.1-short
2026-03-14T16:11:53.952907,Keen Visions Trading,941966405661933,,,0,,0,PERM,[190] Token expired — regenerate in Graph API Explorer,v3.1-short
2026-03-14T04:26:52.537771,Keen Visions Trading,941966405661933,discipline,patience that feels uncomfortable,236,122123279895161154,1,,,v3.1-short
2026-03-14T04:17:46.892779,Contee's Lawn Care,684298664768779,lawn,why lawns decline even when you're trying,347,122163904418925582,1,,,v3.1-short
2026-03-14T04:17:09.227819,TradeCodeTech,607790205752662,discipline,systems built after repeated mistakes,247,122174344808826189,1,,,v3.1-short
2026-03-14T04:16:33.677170,Keen Visions Trading,941966405661933,discipline,"boredom as a feature, not a bug",283,122123278665161154,1,,,v3.1-short
2026-03-14T04:09:46.738510,Contee's Lawn Care,684298664768779,lawn,why grass color changes throughout the season,296,122163903734925582,1,,,v3.1-short
2026-03-14T04:09:25.627094,TradeCodeTech,607790205752662,discipline,filters mattering more than signals,268,122174344352826189,1,,,v3.1-short
2026-03-14T04:09:15.695997,Keen Visions Trading,941966405661933,discipline,the counterintuitive reason profitable traders feel bored,250,122123277903161154,1,,,v3.1-short
2026-03-14T04:09:01.258302,Keen Visions Trading,941966405661933,discipline,sitting in cash while the market runs,228,122123277813161154,1,,,v3.1-short
2026-03-14T03:59:06.158170,TradeCodeTech,607790205752662,,,0,,0,PERM,[100] (#100) Tried accessing nonexisting field (permissions),v3.1-short
2026-03-14T01:30:04.715168,Contee's Lawn Care,684298664768779,,,0,,0,PERM,"[190] Error validating access token: Session has expired on Saturday, 07-Mar-26 21:00:00 PST. The current time is Friday, 13-Mar-26 18:30:04 PDT.",v3.1-short
2026-03-14T01:30:04.569765,TradeCodeTech,607790205752662,,,0,,0,PERM,"[190] Error validating access token: Session has expired on Saturday, 07-Mar-26 21:00:00 PST. The current time is Friday, 13-Mar-26 18:30:04 PDT.",v3.1-short
2026-03-14T01:30:04.400804,Keen Visions Trading,941966405661933,,,0,,0,PERM,"[190] Error validating access token: Session has expired on Saturday, 07-Mar-26 20:00:00 PST. The current time is Friday, 13-Mar-26 18:30:04 PDT.",v3.1-short
2026-03-13T17:40:12.393010,Contee's Lawn Care,684298664768779,,,0,,0,PERM,"[190] Error validating access token: Session has expired on Saturday, 07-Mar-26 21:00:00 PST. The current time is Friday, 13-Mar-26 10:40:12 PDT.",v3.1-short
2026-03-13T17:40:12.276265,TradeCodeTech,607790205752662,,,0,,0,PERM,"[190] Error validating access token: Session has expired on Saturday, 07-Mar-26 21:00:00 PST. The current time is Friday, 13-Mar-26 10:40:12 PDT.",v3.1-short
2026-03-13T17:40:12.124906,Keen Visions Trading,941966405661933,,,0,,0,PERM,"[190] Error validating access token: Session has expired on Saturday, 07-Mar-26 20:00:00 PST. The current time is Friday, 13-Mar-26 10:40:12 PDT.",v3.1-short
2026-03-13T13:30:05.946855,Contee's Lawn Care,684298664768779,,,0,,0,PERM,"[190] Error validating access token: Session has expired on Saturday, 07-Mar-26 21:00:00 PST. The current time is Friday, 13-Mar-26 06:30:06 PDT.",v3.1-short
2026-03-13T13:30:05.813647,TradeCodeTech,607790205752662,,,0,,0,PERM,"[190] Error validating access token: Session has expired on Saturday, 07-Mar-26 21:00:00 PST. The current time is Friday, 13-Mar-26 06:30:05 PDT.",v3.1-short
2026-03-13T13:30:05.685866,Keen Visions Trading,941966405661933,,,0,,0,PERM,"[190] Error validating access token: Session has expired on Saturday, 07-Mar-26 20:00:00 PST. The current time is Friday, 13-Mar-26 06:30:05 PDT.",v3.1-short
2026-03-13T01:30:05.278836,Contee's Lawn Care,684298664768779,,,0,,0,PERM,"[190] Error validating access token: Session has expired on Saturday, 07-Mar-26 21:00:00 PST. The current time is Thursday, 12-Mar-26 18:30:05 PDT.",v3.1-short
2026-03-13T01:30:05.161015,TradeCodeTech,607790205752662,,,0,,0,PERM,"[190] Error validating access token: Session has expired on Saturday, 07-Mar-26 21:00:00 PST. The current time is Thursday, 12-Mar-26 18:30:05 PDT.",v3.1-short
2026-03-13T01:30:05.017740,Keen Visions Trading,941966405661933,,,0,,0,PERM,"[190] Error validating access token: Session has expired on Saturday, 07-Mar-26 20:00:00 PST. The current time is Thursday, 12-Mar-26 18:30:05 PDT.",v3.1-short
2026-03-12T14:05:11.821090,Contee's Lawn Care,684298664768779,,,0,,0,PERM,"[190] Error validating access token: Session has expired on Saturday, 07-Mar-26 21:00:00 PST. The current time is Thursday, 12-Mar-26 07:05:11 PDT.",v3.1-short
2026-03-12T14:05:11.692252,TradeCodeTech,607790205752662,,,0,,0,PERM,"[190] Error validating access token: Session has expired on Saturday, 07-Mar-26 21:00:00 PST. The current time is Thursday, 12-Mar-26 07:05:11 PDT.",v3.1-short
2026-03-12T14:05:11.578790,Keen Visions Trading,941966405661933,,,0,,0,PERM,"[190] Error validating access token: Session has expired on Saturday, 07-Mar-26 20:00:00 PST. The current time is Thursday, 12-Mar-26 07:05:11 PDT.",v3.1-short
2026-03-12T01:49:27.912155,Contee's Lawn Care,684298664768779,,,0,,0,PERM,"[190] Error validating access token: Session has expired on Saturday, 07-Mar-26 21:00:00 PST. The current time is Wednesday, 11-Mar-26 18:49:27 PDT.",v3.1-short
2026-03-12T01:49:27.767770,TradeCodeTech,607790205752662,,,0,,0,PERM,"[190] Error validating access token: Session has expired on Saturday, 07-Mar-26 21:00:00 PST. The current time is Wednesday, 11-Mar-26 18:49:27 PDT.",v3.1-short
2026-03-12T01:49:27.625098,Keen Visions Trading,941966405661933,,,0,,0,PERM,"[190] Error validating access token: Session has expired on Saturday, 07-Mar-26 20:00:00 PST. The current time is Wednesday, 11-Mar-26 18:49:27 PDT.",v3.1-short
2026-03-12T01:30:05.326472,Contee's Lawn Care,684298664768779,,,0,,0,PERM,"[190] Error validating access token: Session has expired on Saturday, 07-Mar-26 21:00:00 PST. The current time is Wednesday, 11-Mar-26 18:30:05 PDT.",v3.1-short
2026-03-12T01:30:05.166574,TradeCodeTech,607790205752662,,,0,,0,PERM,"[190] Error validating access token: Session has expired on Saturday, 07-Mar-26 21:00:00 PST. The current time is Wednesday, 11-Mar-26 18:30:05 PDT.",v3.1-short
2026-03-12T01:30:05.016134,Keen Visions Trading,941966405661933,,,0,,0,PERM,"[190] Error validating access token: Session has expired on Saturday, 07-Mar-26 20:00:00 PST. The current time is Wednesday, 11-Mar-26 18:30:04 PDT.",v3.1-short
2026-03-08T15:38:45.931781,Contee's Lawn Care,684298664768779,,,0,,0,PERM,"[190] Error validating access token: Session has expired on Saturday, 07-Mar-26 21:00:00 PST. The current time is Sunday, 08-Mar-26 08:38:46 PDT.",v3.1-short
2026-03-08T15:38:45.814617,TradeCodeTech,607790205752662,,,0,,0,PERM,"[190] Error validating access token: Session has expired on Saturday, 07-Mar-26 21:00:00 PST. The current time is Sunday, 08-Mar-26 08:38:46 PDT.",v3.1-short
2026-03-08T15:38:45.692181,Keen Visions Trading,941966405661933,,,0,,0,PERM,"[190] Error validating access token: Session has expired on Saturday, 07-Mar-26 20:00:00 PST. The current time is Sunday, 08-Mar-26 08:38:45 PDT.",v3.1-short
2026-03-08T04:45:14.432217,Contee's Lawn Care,684298664768779,lawn,seasonal mowing mistakes that damage lawns,321,122163035312925582,1,,,v3.1-short
2026-03-08T04:44:57.125187,TradeCodeTech,607790205752662,discipline,rules replacing instinct under pressure,208,,0,200,"(#200) The permission(s) publish_actions are not available. It has been deprecated. If you want to provide a way for your app users to share content to Facebook, we encourage you to use our Sharing products instead.",v3.1-short
2026-03-08T04:44:45.768400,Keen Visions Trading,941966405661933,discipline,restraint in calm environments,248,,0,190,"Error validating access token: Session has expired on Saturday, 07-Mar-26 20:00:00 PST. The current time is Saturday, 07-Mar-26 20:44:45 PST.",v3.1-short
2026-03-08T04:44:36.871209,Contee's Lawn Care,684298664768779,lawn,what to do after a freeze or sudden temperature swing,260,122163035198925582,1,,,v3.1-short
2026-03-08T04:09:15.036932,Contee's Lawn Care,684298664768779,lawn,the real reason your neighbor's lawn looks better,323,122163032366925582,1,,,v3.1-short
2026-03-08T04:04:14.896232,Contee's Lawn Care,684298664768779,lawn,the hidden reason patchy lawns keep coming back,398,,0,200,"(#200) The permission(s) publish_actions are not available. It has been deprecated. If you want to provide a way for your app users to share content to Facebook, we encourage you to use our Sharing products instead.",v3.1-short
2026-03-08T04:00:14.639485,Contee's Lawn Care,684298664768779,lawn,how mowing height affects heat and drought stress,428,,0,200,"(#200) The permission(s) publish_actions are not available. It has been deprecated. If you want to provide a way for your app users to share content to Facebook, we encourage you to use our Sharing products instead.",v3.1-short
2026-03-08T03:58:19.096101,Contee's Lawn Care,684298664768779,lawn,simple weekly routines that prevent expensive fixes,372,,0,200,"(#200) The permission(s) publish_actions are not available. It has been deprecated. If you want to provide a way for your app users to share content to Facebook, we encourage you to use our Sharing products instead.",v3.1-short
2026-03-08T03:45:14.555769,Contee's Lawn Care,684298664768779,lawn,simple weekly routines that prevent expensive fixes,300,,0,200,"(#200) The permission(s) publish_actions are not available. It has been deprecated. If you want to provide a way for your app users to share content to Facebook, we encourage you to use our Sharing products instead.",v3.1-short
2026-03-08T03:43:43.896657,Keen Visions Trading,941966405661933,discipline,why the most confident traders blow up first,225,122122291221161154,1,,,v3.1-short
2026-03-08T03:43:09.475113,Contee's Lawn Care,684298664768779,lawn,why lawns decline even when you're trying,288,,0,200,"(#200) The permission(s) publish_actions are not available. It has been deprecated. If you want to provide a way for your app users to share content to Facebook, we encourage you to use our Sharing products instead.",v3.1-short
2026-03-08T03:37:16.127596,Contee's Lawn Care,684298664768779,lawn,how mowing height affects heat and drought stress,337,,0,200,"(#200) The permission(s) publish_actions are not available. It has been deprecated. If you want to provide a way for your app users to share content to Facebook, we encourage you to use our Sharing products instead.",v3.1-short
2026-03-08T03:32:01.563123,Contee's Lawn Care,684298664768779,lawn,how foot traffic creates dead zones over time,331,,0,100,(#100) 0 does not resolve to a valid user ID,v3.1-short
2026-03-08T03:28:04.706546,Contee's Lawn Care,684298664768779,lawn,the hidden reason patchy lawns keep coming back,208,,0,100,(#100) 0 does not resolve to a valid user ID,v3.1-short
2026-03-08T03:27:27.578507,TradeCodeTech,607790205752662,discipline,systems built after repeated mistakes,274,607790205752662_122173759994826189,1,,,v3.1-short
2026-03-08T03:19:50.254917,TradeCodeTech,607790205752662,discipline,rules replacing instinct under pressure,300,,0,200,"(#200) If posting to a group, requires app being installed in the group, and \
          either publish_to_groups permission with user token, or both pages_read_engagement \
          and pages_manage_posts permission with page token; If posting to a page, \
          requires both pages_read_engagement and pages_manage_posts as an admin with \
          sufficient administrative permission",v3.1-short
2026-03-08T03:17:29.330190,Keen Visions Trading,941966405661933,discipline,restraint in calm environments,255,941966405661933_122122288419161154,1,,,v3.1-short
2026-03-08T03:17:15.724901,Keen Visions Trading,941966405661933,trading,markets rewarding bad behavior first,210,941966405661933_122122288395161154,1,,,v3.1-short
2026-03-08T03:15:56.771630,Contee's Lawn Care,684298664768779,lawn,why weeds explode after rain and warm nights,327,,0,100,(#100) 0 does not resolve to a valid user ID,v3.1-short
2026-03-08T03:15:42.409252,TradeCodeTech,607790205752662,discipline,constraints outperforming flexibility,267,,0,200,"(#200) If posting to a group, requires app being installed in the group, and \
          either publish_to_groups permission with user token, or both pages_read_engagement \
          and pages_manage_posts permission with page token; If posting to a page, \
          requires both pages_read_engagement and pages_manage_posts as an admin with \
          sufficient administrative permission",v3.1-short
2026-03-08T03:15:41.008598,Keen Visions Trading,941966405661933,discipline,why your best month is your most dangerous month,331,941966405661933_122122288305161154,1,,,v3.1-short
2026-03-08T03:15:33.344179,TradeCodeTech,607790205752662,discipline,rules replacing instinct under pressure,210,,0,200,"(#200) If posting to a group, requires app being installed in the group, and \
          either publish_to_groups permission with user token, or both pages_read_engagement \
          and pages_manage_posts permission with page token; If posting to a page, \
          requires both pages_read_engagement and pages_manage_posts as an admin with \
          sufficient administrative permission",v3.1-short
2026-03-08T03:11:49.020902,TradeCodeTech,607790205752662,discipline,structure removing emotional override,1632,,0,200,"(#200) If posting to a group, requires app being installed in the group, and \
          either publish_to_groups permission with user token, or both pages_read_engagement \
          and pages_manage_posts permission with page token; If posting to a page, \
          requires both pages_read_engagement and pages_manage_posts as an admin with \
          sufficient administrative permission",v3.0-viral
2026-03-08T03:11:08.959493,Keen Visions Trading,941966405661933,discipline,restraint in calm environments,215,941966405661933_122122287873161154,1,,,v3.0-viral
2026-03-08T03:09:53.601998,Keen Visions Trading,941966405661933,discipline,discipline when nothing is happening,1123,941966405661933_122122287501161154,1,,,v3.0-viral
2026-02-22T01:30:33.232066,Contee’s Lawn Care,684298664768779,lawn,how mowing height affects heat and drought stress,397,,0,190,"Error validating access token: Session has expired on Tuesday, 06-Jan-26 23:00:00 PST. The current time is Saturday, 21-Feb-26 17:30:33 PST.",v1.3-operator
2026-02-22T01:30:21.841011,TradeCodeTech,607790205752662,discipline,structure removing emotional override,1171,607790205752662_122172445064826189,1,,,v1.3-operator
2026-02-22T01:30:15.590736,Keen Visions Trading,941966405661933,discipline,execution without emotional reward,1365,941966405661933_122120223885161154,1,,,v1.3-operator
2026-02-21T15:44:21.993245,Contee’s Lawn Care,684298664768779,lawn,seasonal mowing mistakes that damage lawns,263,,0,190,"Error validating access token: Session has expired on Tuesday, 06-Jan-26 23:00:00 PST. The current time is Saturday, 21-Feb-26 07:44:22 PST.",v1.3-operator
2026-02-21T15:44:08.452086,TradeCodeTech,607790205752662,discipline,constraints outperforming flexibility,627,607790205752662_122172403136826189,1,,,v1.3-operator
2026-02-21T15:44:02.261327,Keen Visions Trading,941966405661933,trading,quiet price masking structural risk,798,941966405661933_122120162505161154,1,,,v1.3-operator
2026-02-21T01:30:43.309863,Contee’s Lawn Care,684298664768779,lawn,watering habits that look right but hurt grass,411,,0,190,"Error validating access token: Session has expired on Tuesday, 06-Jan-26 23:00:00 PST. The current time is Friday, 20-Feb-26 17:30:43 PST.",v1.3-operator
2026-02-21T01:30:21.120509,TradeCodeTech,607790205752662,discipline,automation enforcing discipline,1294,607790205752662_122172351254826189,1,,,v1.3-operator
2026-02-21T01:30:13.386880,Keen Visions Trading,941966405661933,discipline,patience that feels uncomfortable,1286,941966405661933_122120034045161154,1,,,v1.3-operator
2026-02-20T13:30:33.413577,Contee’s Lawn Care,684298664768779,lawn,seasonal mowing mistakes that damage lawns,287,,0,190,"Error validating access token: Session has expired on Tuesday, 06-Jan-26 23:00:00 PST. The current time is Friday, 20-Feb-26 05:30:33 PST.",v1.3-operator
2026-02-20T13:30:19.907154,TradeCodeTech,607790205752662,discipline,structure removing emotional override,1198,607790205752662_122172304796826189,1,,,v1.3-operator
2026-02-20T13:30:12.990375,Keen Visions Trading,941966405661933,trading,quiet price masking structural risk,1217,941966405661933_122119965723161154,1,,,v1.3-operator
2026-02-20T01:30:37.820213,Contee’s Lawn Care,684298664768779,lawn,what to do after a freeze or sudden temperature swing,559,,0,190,"Error validating access token: Session has expired on Tuesday, 06-Jan-26 23:00:00 PST. The current time is Thursday, 19-Feb-26 17:30:38 PST.",v1.3-operator
2026-02-20T01:30:20.257050,TradeCodeTech,607790205752662,discipline,automation enforcing discipline,1091,607790205752662_122172259316826189,1,,,v1.3-operator
2026-02-20T01:30:13.901397,Keen Visions Trading,941966405661933,discipline,restraint in calm environments,1318,941966405661933_122119852947161154,1,,,v1.3-operator
2026-02-19T13:30:33.773102,Contee’s Lawn Care,684298664768779,lawn,watering habits that look right but hurt grass,357,,0,190,"Error validating access token: Session has expired on Tuesday, 06-Jan-26 23:00:00 PST. The current time is Thursday, 19-Feb-26 05:30:33 PST.",v1.3-operator
2026-02-19T13:30:19.371306,TradeCodeTech,607790205752662,discipline,filters mattering more than signals,421,607790205752662_122172211124826189,1,,,v1.3-operator
2026-02-19T13:30:14.236255,Keen Visions Trading,941966405661933,discipline,risk hiding inside stability,1217,941966405661933_122119779699161154,1,,,v1.3-operator
2026-02-19T01:30:38.747415,Contee’s Lawn Care,684298664768779,lawn,what to do after a freeze or sudden temperature swing,565,,0,190,"Error validating access token: Session has expired on Tuesday, 06-Jan-26 23:00:00 PST. The current time is Wednesday, 18-Feb-26 17:30:38 PST.",v1.3-operator
2026-02-19T01:30:19.894102,TradeCodeTech,607790205752662,trading,automation enforcing discipline,970,607790205752662_122172171740826189,1,,,v1.3-operator
2026-02-19T01:30:12.895899,Keen Visions Trading,941966405661933,trading,markets rewarding bad behavior first,1370,941966405661933_122119701435161154,1,,,v1.3-operator
2026-02-18T13:32:03.836615,Contee’s Lawn Care,684298664768779,lawn,why lawns decline even when you're trying,478,,0,190,"Error validating access token: Session has expired on Tuesday, 06-Jan-26 23:00:00 PST. The current time is Wednesday, 18-Feb-26 05:32:04 PST.",v1.3-operator
2026-02-18T13:31:44.659028,TradeCodeTech,607790205752662,discipline,automation enforcing discipline,1119,607790205752662_122172119786826189,1,,,v1.3-operator
2026-02-18T13:31:34.912904,Keen Visions Trading,941966405661933,discipline,execution without emotional reward,1072,941966405661933_122119615341161154,1,,,v1.3-operator
2026-02-18T01:30:35.740822,Contee’s Lawn Care,684298664768779,lawn,simple weekly routines that prevent expensive fixes,283,,0,190,"Error validating access token: Session has expired on Tuesday, 06-Jan-26 23:00:00 PST. The current time is Tuesday, 17-Feb-26 17:30:35 PST.",v1.3-operator
2026-02-18T01:30:19.669669,TradeCodeTech,607790205752662,discipline,automation enforcing discipline,484,607790205752662_122172074108826189,1,,,v1.3-operator
2026-02-18T01:30:14.689578,Keen Visions Trading,941966405661933,discipline,discipline when nothing is happening,1216,941966405661933_122119544817161154,1,,,v1.3-operator
2026-02-16T21:08:32.819520,Contee’s Lawn Care,684298664768779,lawn,what to do after a freeze or sudden temperature swing,495,,0,190,"Error validating access token: Session has expired on Tuesday, 06-Jan-26 23:00:00 PST. The current time is Monday, 16-Feb-26 13:08:33 PST.",v1.3-operator
2026-02-16T21:08:12.832278,TradeCodeTech,607790205752662,discipline,rules replacing instinct under pressure,1272,607790205752662_122171949980826189,1,,,v1.3-operator
2026-02-16T21:08:02.597973,Keen Visions Trading,941966405661933,discipline,discipline when nothing is happening,1055,941966405661933_122119338861161154,1,,,v1.3-operator
2026-02-16T01:30:35.199654,Contee’s Lawn Care,684298664768779,lawn,the hidden reason patchy lawns keep coming back,477,,0,190,"Error validating access token: Session has expired on Tuesday, 06-Jan-26 23:00:00 PST. The current time is Sunday, 15-Feb-26 17:30:35 PST.",v1.3-operator
2026-02-16T01:30:19.427274,TradeCodeTech,607790205752662,discipline,rules replacing instinct under pressure,1210,607790205752662_122171873702826189,1,,,v1.3-operator
2026-02-16T01:30:12.249346,Keen Visions Trading,941966405661933,trading,quiet price masking structural risk,534,941966405661933_122119193451161154,1,,,v1.3-operator
2026-02-15T13:30:40.747980,Contee’s Lawn Care,684298664768779,lawn,why lawns decline even when you're trying,543,,0,190,"Error validating access token: Session has expired on Tuesday, 06-Jan-26 23:00:00 PST. The current time is Sunday, 15-Feb-26 05:30:40 PST.",v1.3-operator
2026-02-15T13:30:25.160215,TradeCodeTech,607790205752662,discipline,automation enforcing discipline,1462,607790205752662_122171826224826189,1,,,v1.3-operator
2026-02-15T13:30:13.785893,Keen Visions Trading,941966405661933,trading,markets rewarding bad behavior first,1268,941966405661933_122119100883161154,1,,,v1.3-operator
2026-02-15T01:30:33.226905,Contee’s Lawn Care,684298664768779,lawn,the hidden reason patchy lawns keep coming back,500,,0,190,"Error validating access token: Session has expired on Tuesday, 06-Jan-26 23:00:00 PST. The current time is Saturday, 14-Feb-26 17:30:33 PST.",v1.3-operator
2026-02-15T01:30:18.433012,TradeCodeTech,607790205752662,trading,rules replacing instinct under pressure,563,607790205752662_122171779874826189,1,,,v1.3-operator
2026-02-15T01:30:11.149034,Keen Visions Trading,941966405661933,discipline,discipline when nothing is happening,518,941966405661933_122119006743161154,1,,,v1.3-operator
2026-02-14T18:51:54.054671,Contee’s Lawn Care,684298664768779,lawn,seasonal mowing mistakes that damage lawns,450,,0,190,"Error validating access token: Session has expired on Tuesday, 06-Jan-26 23:00:00 PST. The current time is Saturday, 14-Feb-26 10:51:54 PST.",v1.3-operator
2026-02-14T18:51:39.003027,TradeCodeTech,607790205752662,trading,rules replacing instinct under pressure,959,607790205752662_122171755634826189,1,,,v1.3-operator
2026-02-14T18:51:32.027925,Keen Visions Trading,941966405661933,trading,markets rewarding bad behavior first,1348,941966405661933_122118976431161154,1,,,v1.3-operator
2026-02-14T01:30:38.446972,Contee’s Lawn Care,684298664768779,lawn,how mowing height affects heat and drought stress,465,,0,190,"Error validating access token: Session has expired on Tuesday, 06-Jan-26 23:00:00 PST. The current time is Friday, 13-Feb-26 17:30:38 PST.",v1.3-operator
2026-02-14T01:30:20.842894,TradeCodeTech,607790205752662,discipline,constraints outperforming flexibility,404,607790205752662_122171673140826189,1,,,v1.3-operator
2026-02-14T01:30:14.319709,Keen Visions Trading,941966405661933,trading,waiting while others chase movement,853,941966405661933_122118841311161154,1,,,v1.3-operator
2026-02-13T01:30:34.388014,Contee’s Lawn Care,684298664768779,lawn,what to do after a freeze or sudden temperature swing,395,,0,190,"Error validating access token: Session has expired on Tuesday, 06-Jan-26 23:00:00 PST. The current time is Thursday, 12-Feb-26 17:30:34 PST.",v1.3-operator
2026-02-13T01:30:20.088321,TradeCodeTech,607790205752662,discipline,automation enforcing discipline,1027,607790205752662_122171570174826189,1,,,v1.3-operator
2026-02-13T01:30:12.886899,Keen Visions Trading,941966405661933,trading,stories replacing probabilities,851,941966405661933_122118660045161154,1,,,v1.3-operator
2026-02-12T13:30:37.256610,Contee’s Lawn Care,684298664768779,lawn,simple weekly routines that prevent expensive fixes,263,,0,190,"Error validating access token: Session has expired on Tuesday, 06-Jan-26 23:00:00 PST. The current time is Thursday, 12-Feb-26 05:30:37 PST.",v1.3-operator
2026-02-12T13:30:19.943873,TradeCodeTech,607790205752662,discipline,constraints outperforming flexibility,1214,607790205752662_122171519330826189,1,,,v1.3-operator
2026-02-12T13:30:11.259452,Keen Visions Trading,941966405661933,trading,markets rewarding bad behavior first,572,941966405661933_122118577917161154,1,,,v1.3-operator
2026-02-12T01:30:43.602743,Contee’s Lawn Care,684298664768779,lawn,seasonal mowing mistakes that damage lawns,487,,0,190,"Error validating access token: Session has expired on Tuesday, 06-Jan-26 23:00:00 PST. The current time is Wednesday, 11-Feb-26 17:30:42 PST.",v1.3-operator
2026-02-12T01:30:29.516640,TradeCodeTech,607790205752662,discipline,structure removing emotional override,396,607790205752662_122171475008826189,1,,,v1.3-operator
2026-02-12T01:30:22.087727,Keen Visions Trading,941966405661933,discipline,patience that feels uncomfortable,1013,941966405661933_122118494397161154,1,,,v1.3-operator
2026-02-11T13:51:09.662727,Contee’s Lawn Care,684298664768779,lawn,simple weekly routines that prevent expensive fixes,373,,0,190,"Error validating access token: Session has expired on Tuesday, 06-Jan-26 23:00:00 PST. The current time is Wednesday, 11-Feb-26 05:51:09 PST.",v1.3-operator
2026-02-11T13:50:53.074789,TradeCodeTech,607790205752662,trading,systems built after repeated mistakes,1117,607790205752662_122171431118826189,1,,,v1.3-operator
2026-02-11T13:50:44.501849,Keen Visions Trading,941966405661933,trading,stories replacing probabilities,1302,941966405661933_122118412353161154,1,,,v1.3-operator
2026-02-11T01:30:36.545477,Contee’s Lawn Care,684298664768779,lawn,why weeds explode after rain and warm nights,431,,0,190,"Error validating access token: Session has expired on Tuesday, 06-Jan-26 23:00:00 PST. The current time is Tuesday, 10-Feb-26 17:30:36 PST.",v1.3-operator
2026-02-11T01:30:22.067725,TradeCodeTech,607790205752662,discipline,structure removing emotional override,1116,607790205752662_122171369960826189,1,,,v1.3-operator
2026-02-11T01:30:14.984688,Keen Visions Trading,941966405661933,discipline,execution without emotional reward,1590,941966405661933_122118321543161154,1,,,v1.3-operator
2026-02-10T13:30:39.077750,Contee’s Lawn Care,684298664768779,lawn,why weeds explode after rain and warm nights,362,,0,190,"Error validating access token: Session has expired on Tuesday, 06-Jan-26 23:00:00 PST. The current time is Tuesday, 10-Feb-26 05:30:38 PST.",v1.3-operator
2026-02-10T13:30:23.182961,TradeCodeTech,607790205752662,discipline,automation enforcing discipline,976,607790205752662_122171313572826189,1,,,v1.3-operator
2026-02-10T13:30:16.221192,Keen Visions Trading,941966405661933,trading,stories replacing probabilities,1362,941966405661933_122118250953161154,1,,,v1.3-operator
2026-02-10T01:30:47.910856,Contee’s Lawn Care,684298664768779,lawn,the hidden reason patchy lawns keep coming back,492,,0,190,"Error validating access token: Session has expired on Tuesday, 06-Jan-26 23:00:00 PST. The current time is Monday, 09-Feb-26 17:30:47 PST.",v1.3-operator
2026-02-10T01:30:25.818606,TradeCodeTech,607790205752662,discipline,filters mattering more than signals,1087,607790205752662_122171245562826189,1,,,v1.3-operator
2026-02-10T01:30:17.317581,Keen Visions Trading,941966405661933,discipline,restraint in calm environments,1386,941966405661933_122118166905161154,1,,,v1.3-operator
2026-02-09T13:30:37.639514,Contee’s Lawn Care,684298664768779,lawn,what to do after a freeze or sudden temperature swing,440,,0,190,"Error validating access token: Session has expired on Tuesday, 06-Jan-26 23:00:00 PST. The current time is Monday, 09-Feb-26 05:30:37 PST.",v1.3-operator
2026-02-09T13:30:20.343705,TradeCodeTech,607790205752662,trading,constraints outperforming flexibility,1388,607790205752662_122171187860826189,1,,,v1.3-operator
2026-02-09T13:30:12.861123,Keen Visions Trading,941966405661933,trading,waiting while others chase movement,762,941966405661933_122118091815161154,1,,,v1.3-operator
2026-02-09T01:30:32.244646,Contee’s Lawn Care,684298664768779,lawn,simple weekly routines that prevent expensive fixes,444,,0,190,"Error validating access token: Session has expired on Tuesday, 06-Jan-26 23:00:00 PST. The current time is Sunday, 08-Feb-26 17:30:32 PST.",v1.3-operator
2026-02-09T01:30:18.573445,TradeCodeTech,607790205752662,trading,rules replacing instinct under pressure,1141,607790205752662_122171134676826189,1,,,v1.3-operator
2026-02-09T01:30:12.568254,Keen Visions Trading,941966405661933,discipline,discipline when nothing is happening,1368,941966405661933_122118009939161154,1,,,v1.3-operator
2026-02-08T13:30:30.270222,Contee’s Lawn Care,684298664768779,lawn,watering habits that look right but hurt grass,431,,0,190,"Error validating access token: Session has expired on Tuesday, 06-Jan-26 23:00:00 PST. The current time is Sunday, 08-Feb-26 05:30:30 PST.",v1.3-operator
2026-02-08T13:30:16.534812,TradeCodeTech,607790205752662,trading,constraints outperforming flexibility,1053,607790205752662_122171089370826189,1,,,v1.3-operator
2026-02-08T13:30:11.848931,Keen Visions Trading,941966405661933,trading,quiet price masking structural risk,956,941966405661933_122117933115161154,1,,,v1.3-operator
2026-02-08T01:30:32.596171,Contee’s Lawn Care,684298664768779,lawn,how mowing height affects heat and drought stress,544,,0,190,"Error validating access token: Session has expired on Tuesday, 06-Jan-26 23:00:00 PST. The current time is Saturday, 07-Feb-26 17:30:32 PST.",v1.3-operator
2026-02-08T01:30:18.262336,TradeCodeTech,607790205752662,discipline,filters mattering more than signals,1205,607790205752662_122171044994826189,1,,,v1.3-operator
2026-02-08T01:30:12.489116,Keen Visions Trading,941966405661933,discipline,patience that feels uncomfortable,1189,941966405661933_122117845011161154,1,,,v1.3-operator
2026-02-07T13:30:37.259411,Contee’s Lawn Care,684298664768779,lawn,watering habits that look right but hurt grass,386,,0,190,"Error validating access token: Session has expired on Tuesday, 06-Jan-26 23:00:00 PST. The current time is Saturday, 07-Feb-26 05:30:37 PST.",v1.3-operator
2026-02-07T13:30:23.449288,TradeCodeTech,607790205752662,discipline,rules replacing instinct under pressure,1163,607790205752662_122170992896826189,1,,,v1.3-operator
2026-02-07T13:30:17.612582,Keen Visions Trading,941966405661933,discipline,patience that feels uncomfortable,1260,941966405661933_122117768745161154,1,,,v1.3-operator
2026-02-07T01:30:39.604162,Contee’s Lawn Care,684298664768779,lawn,how mowing height affects heat and drought stress,682,,0,190,"Error validating access token: Session has expired on Tuesday, 06-Jan-26 23:00:00 PST. The current time is Friday, 06-Feb-26 17:30:39 PST.",v1.3-operator
2026-02-07T01:30:24.699220,TradeCodeTech,607790205752662,discipline,rules replacing instinct under pressure,1121,607790205752662_122170948310826189,1,,,v1.3-operator
2026-02-07T01:30:17.090599,Keen Visions Trading,941966405661933,discipline,patience that feels uncomfortable,1272,941966405661933_122117685147161154,1,,,v1.3-operator
2026-02-06T18:02:35.333874,Contee’s Lawn Care,684298664768779,lawn,the hidden reason patchy lawns keep coming back,447,,0,190,"Error validating access token: Session has expired on Tuesday, 06-Jan-26 23:00:00 PST. The current time is Friday, 06-Feb-26 10:02:35 PST.",v1.3-operator
2026-02-06T18:02:19.695090,TradeCodeTech,607790205752662,discipline,structure removing emotional override,1177,607790205752662_122170926614826189,1,,,v1.3-operator
2026-02-06T18:02:14.242870,Keen Visions Trading,941966405661933,trading,quiet price masking structural risk,848,941966405661933_122117647635161154,1,,,v1.3-operator
2026-02-06T01:30:38.495934,Contee’s Lawn Care,684298664768779,lawn,why weeds explode after rain and warm nights,529,,0,190,"Error validating access token: Session has expired on Tuesday, 06-Jan-26 23:00:00 PST. The current time is Thursday, 05-Feb-26 17:30:38 PST.",v1.3-operator
2026-02-06T01:30:22.737373,TradeCodeTech,607790205752662,discipline,rules replacing instinct under pressure,1211,607790205752662_122170805870826189,1,,,v1.3-operator
2026-02-06T01:30:14.923595,Keen Visions Trading,941966405661933,discipline,patience that feels uncomfortable,1054,941966405661933_122117538843161154,1,,,v1.3-operator
2026-02-05T13:30:38.197157,Contee’s Lawn Care,684298664768779,lawn,how mowing height affects heat and drought stress,576,,0,190,"Error validating access token: Session has expired on Tuesday, 06-Jan-26 23:00:00 PST. The current time is Thursday, 05-Feb-26 05:30:38 PST.",v1.3-operator
2026-02-05T13:30:21.986794,TradeCodeTech,607790205752662,trading,systems built after repeated mistakes,1082,607790205752662_122170765628826189,1,,,v1.3-operator
2026-02-05T13:30:14.280555,Keen Visions Trading,941966405661933,discipline,execution without emotional reward,1148,941966405661933_122117452647161154,1,,,v1.3-operator
2026-02-05T01:30:45.417905,Contee’s Lawn Care,684298664768779,lawn,the hidden reason patchy lawns keep coming back,498,,0,190,"Error validating access token: Session has expired on Tuesday, 06-Jan-26 23:00:00 PST. The current time is Wednesday, 04-Feb-26 17:30:45 PST.",v1.3-operator
2026-02-05T01:30:27.497258,TradeCodeTech,607790205752662,discipline,automation enforcing discipline,1392,607790205752662_122170721954826189,1,,,v1.3-operator
2026-02-05T01:30:18.861314,Keen Visions Trading,941966405661933,trading,stories replacing probabilities,1342,941966405661933_122117370795161154,1,,,v1.3-operator
2026-02-04T13:30:35.137034,Contee’s Lawn Care,684298664768779,lawn,seasonal mowing mistakes that damage lawns,446,,0,190,"Error validating access token: Session has expired on Tuesday, 06-Jan-26 23:00:00 PST. The current time is Wednesday, 04-Feb-26 05:30:35 PST.",v1.3-operator
2026-02-04T13:30:19.475360,TradeCodeTech,607790205752662,trading,constraints outperforming flexibility,457,607790205752662_122170668536826189,1,,,v1.3-operator
2026-02-04T13:30:15.123265,Keen Visions Trading,941966405661933,discipline,execution without emotional reward,1292,941966405661933_122117291391161154,1,,,v1.3-operator
2026-02-04T01:30:40.998309,Contee’s Lawn Care,684298664768779,lawn,how mowing height affects heat and drought stress,378,,0,190,"Error validating access token: Session has expired on Tuesday, 06-Jan-26 23:00:00 PST. The current time is Tuesday, 03-Feb-26 17:30:40 PST.",v1.3-operator
2026-02-04T01:30:25.312047,TradeCodeTech,607790205752662,discipline,rules replacing instinct under pressure,1067,607790205752662_122170617242826189,1,,,v1.3-operator
2026-02-04T01:30:15.779277,Keen Visions Trading,941966405661933,discipline,patience that feels uncomfortable,870,941966405661933_122117207127161154,1,,,v1.3-operator
2026-02-03T13:30:39.419077,Contee’s Lawn Care,684298664768779,lawn,what to do after a freeze or sudden temperature swing,275,,0,190,"Error validating access token: Session has expired on Tuesday, 06-Jan-26 23:00:00 PST. The current time is Tuesday, 03-Feb-26 05:30:39 PST.",v1.3-operator
2026-02-03T13:30:23.150953,TradeCodeTech,607790205752662,discipline,filters mattering more than signals,499,607790205752662_122170564838826189,1,,,v1.3-operator
2026-02-03T13:30:17.940952,Keen Visions Trading,941966405661933,discipline,discipline when nothing is happening,1202,941966405661933_122117128371161154,1,,,v1.3-operator
2026-02-03T01:30:52.104520,Contee’s Lawn Care,684298664768779,lawn,seasonal mowing mistakes that damage lawns,379,,0,190,"Error validating access token: Session has expired on Tuesday, 06-Jan-26 23:00:00 PST. The current time is Monday, 02-Feb-26 17:30:52 PST.",v1.3-operator
2026-02-03T01:30:24.872680,TradeCodeTech,607790205752662,trading,automation enforcing discipline,702,607790205752662_122170514930826189,1,,,v1.3-operator
2026-02-03T01:30:18.445410,Keen Visions Trading,941966405661933,discipline,execution without emotional reward,1203,941966405661933_122117047671161154,1,,,v1.3-operator
2026-02-02T13:30:45.086549,Contee’s Lawn Care,684298664768779,lawn,the hidden reason patchy lawns keep coming back,462,,0,190,"Error validating access token: Session has expired on Tuesday, 06-Jan-26 23:00:00 PST. The current time is Monday, 02-Feb-26 05:30:45 PST.",v1.3-operator
2026-02-02T13:30:19.749574,TradeCodeTech,607790205752662,trading,automation enforcing discipline,493,607790205752662_122170463942826189,1,,,v1.3-operator
2026-02-02T13:30:14.392610,Keen Visions Trading,941966405661933,discipline,patience that feels uncomfortable,1147,941966405661933_122116964919161154,1,,,v1.3-operator
2026-02-02T01:30:40.106877,Contee’s Lawn Care,684298664768779,lawn,how mowing height affects heat and drought stress,545,,0,190,"Error validating access token: Session has expired on Tuesday, 06-Jan-26 23:00:00 PST. The current time is Sunday, 01-Feb-26 17:30:39 PST.",v1.3-operator
2026-02-02T01:30:23.016827,TradeCodeTech,607790205752662,trading,systems built after repeated mistakes,983,607790205752662_122170417274826189,1,,,v1.3-operator
2026-02-02T01:30:16.148688,Keen Visions Trading,941966405661933,trading,quiet price masking structural risk,1256,941966405661933_122116886073161154,1,,,v1.3-operator
2026-02-01T13:30:41.945409,Contee’s Lawn Care,684298664768779,lawn,seasonal mowing mistakes that damage lawns,503,,0,190,"Error validating access token: Session has expired on Tuesday, 06-Jan-26 23:00:00 PST. The current time is Sunday, 01-Feb-26 05:30:41 PST.",v1.3-operator
2026-02-01T13:30:25.087340,TradeCodeTech,607790205752662,trading,rules replacing instinct under pressure,1316,607790205752662_122170373822826189,1,,,v1.3-operator
2026-02-01T13:30:16.548112,Keen Visions Trading,941966405661933,discipline,risk hiding inside stability,1219,941966405661933_122116797681161154,1,,,v1.3-operator
2026-02-01T01:30:41.484397,Contee’s Lawn Care,684298664768779,lawn,why lawns decline even when you're trying,478,,0,190,"Error validating access token: Session has expired on Tuesday, 06-Jan-26 23:00:00 PST. The current time is Saturday, 31-Jan-26 17:30:41 PST.",v1.3-operator
2026-02-01T01:30:21.863800,TradeCodeTech,607790205752662,discipline,systems built after repeated mistakes,1712,607790205752662_122170317794826189,1,,,v1.3-operator
2026-02-01T01:30:13.184955,Keen Visions Trading,941966405661933,discipline,patience that feels uncomfortable,850,941966405661933_122116715481161154,1,,,v1.3-operator
2026-01-31T13:30:34.221070,Contee’s Lawn Care,684298664768779,lawn,simple weekly routines that prevent expensive fixes,328,,0,190,"Error validating access token: Session has expired on Tuesday, 06-Jan-26 23:00:00 PST. The current time is Saturday, 31-Jan-26 05:30:34 PST.",v1.3-operator
2026-01-31T13:30:17.537204,TradeCodeTech,607790205752662,discipline,automation enforcing discipline,1325,607790205752662_122170270046826189,1,,,v1.3-operator
2026-01-31T13:30:10.587110,Keen Visions Trading,941966405661933,trading,reaction outperforming prediction,735,941966405661933_122116632729161154,1,,,v1.3-operator
2026-01-31T01:30:41.723349,Contee’s Lawn Care,684298664768779,lawn,why lawns decline even when you're trying,426,,0,190,"Error validating access token: Session has expired on Tuesday, 06-Jan-26 23:00:00 PST. The current time is Friday, 30-Jan-26 17:30:41 PST.",v1.3-operator
2026-01-31T01:30:25.051315,TradeCodeTech,607790205752662,discipline,structure removing emotional override,993,607790205752662_122170217282826189,1,,,v1.3-operator
2026-01-31T01:30:18.499361,Keen Visions Trading,941966405661933,discipline,patience that feels uncomfortable,1612,941966405661933_122116543857161154,1,,,v1.3-operator
2026-01-30T13:30:39.409135,Contee’s Lawn Care,684298664768779,lawn,watering habits that look right but hurt grass,371,,0,190,"Error validating access token: Session has expired on Tuesday, 06-Jan-26 23:00:00 PST. The current time is Friday, 30-Jan-26 05:30:39 PST.",v1.3-operator
2026-01-30T13:30:23.930265,TradeCodeTech,607790205752662,discipline,filters mattering more than signals,1214,607790205752662_122170168880826189,1,,,v1.3-operator
2026-01-30T13:30:14.235618,Keen Visions Trading,941966405661933,trading,stories replacing probabilities,1388,941966405661933_122116446819161154,1,,,v1.3-operator
2026-01-30T01:30:43.645526,Contee’s Lawn Care,684298664768779,lawn,simple weekly routines that prevent expensive fixes,442,,0,190,"Error validating access token: Session has expired on Tuesday, 06-Jan-26 23:00:00 PST. The current time is Thursday, 29-Jan-26 17:30:43 PST.",v1.3-operator
2026-01-30T01:30:23.014527,TradeCodeTech,607790205752662,discipline,systems built after repeated mistakes,394,607790205752662_122170118588826189,1,,,v1.3-operator
2026-01-30T01:30:15.156043,Keen Visions Trading,941966405661933,trading,reaction outperforming prediction,689,941966405661933_122116346733161154,1,,,v1.3-operator
2026-01-29T13:30:45.611803,Contee’s Lawn Care,684298664768779,lawn,why weeds explode after rain and warm nights,619,,0,190,"Error validating access token: Session has expired on Tuesday, 06-Jan-26 23:00:00 PST. The current time is Thursday, 29-Jan-26 05:30:45 PST.",v1.3-operator
2026-01-29T13:30:20.982885,TradeCodeTech,607790205752662,trading,automation enforcing discipline,938,607790205752662_122170065458826189,1,,,v1.3-operator
2026-01-29T13:30:13.234543,Keen Visions Trading,941966405661933,discipline,execution without emotional reward,1176,941966405661933_122116254729161154,1,,,v1.3-operator
2026-01-29T01:30:44.853211,Contee’s Lawn Care,684298664768779,lawn,the hidden reason patchy lawns keep coming back,417,,0,190,"Error validating access token: Session has expired on Tuesday, 06-Jan-26 23:00:00 PST. The current time is Wednesday, 28-Jan-26 17:30:44 PST.",v1.3-operator
2026-01-29T01:30:27.820779,TradeCodeTech,607790205752662,discipline,automation enforcing discipline,1142,607790205752662_122170012760826189,1,,,v1.3-operator
2026-01-29T01:30:19.019206,Keen Visions Trading,941966405661933,discipline,consistency across regime shifts,1166,941966405661933_122116166949161154,1,,,v1.3-operator
2026-01-28T13:30:43.300448,Contee’s Lawn Care,684298664768779,lawn,the hidden reason patchy lawns keep coming back,251,,0,190,"Error validating access token: Session has expired on Tuesday, 06-Jan-26 23:00:00 PST. The current time is Wednesday, 28-Jan-26 05:30:43 PST.",v1.3-operator
2026-01-28T13:30:22.387339,TradeCodeTech,607790205752662,trading,automation enforcing discipline,1241,607790205752662_122169966920826189,1,,,v1.3-operator
2026-01-28T13:30:13.476778,Keen Visions Trading,941966405661933,trading,stories replacing probabilities,769,941966405661933_122116087785161154,1,,,v1.3-operator
2026-01-28T01:30:42.325234,Contee’s Lawn Care,684298664768779,lawn,what to do after a freeze or sudden temperature swing,458,,0,190,"Error validating access token: Session has expired on Tuesday, 06-Jan-26 23:00:00 PST. The current time is Tuesday, 27-Jan-26 17:30:42 PST.",v1.3-operator
2026-01-28T01:30:25.641004,TradeCodeTech,607790205752662,trading,rules replacing instinct under pressure,1272,607790205752662_122169910190826189,1,,,v1.3-operator
2026-01-28T01:30:17.668665,Keen Visions Trading,941966405661933,discipline,risk hiding inside stability,1303,941966405661933_122116002975161154,1,,,v1.3-operator
2026-01-27T13:30:44.178162,Contee’s Lawn Care,684298664768779,lawn,why weeds explode after rain and warm nights,554,,0,190,"Error validating access token: Session has expired on Tuesday, 06-Jan-26 23:00:00 PST. The current time is Tuesday, 27-Jan-26 05:30:44 PST.",v1.3-operator
2026-01-27T13:30:28.253112,TradeCodeTech,607790205752662,discipline,constraints outperforming flexibility,1194,607790205752662_122169855620826189,1,,,v1.3-operator
2026-01-27T13:30:18.094659,Keen Visions Trading,941966405661933,trading,stories replacing probabilities,1546,941966405661933_122115914493161154,1,,,v1.3-operator
2026-01-27T01:30:41.078673,Contee’s Lawn Care,684298664768779,lawn,why weeds explode after rain and warm nights,454,,0,190,"Error validating access token: Session has expired on Tuesday, 06-Jan-26 23:00:00 PST. The current time is Monday, 26-Jan-26 17:30:41 PST.",v1.3-operator
2026-01-27T01:30:24.559156,TradeCodeTech,607790205752662,discipline,rules replacing instinct under pressure,1030,607790205752662_122169804068826189,1,,,v1.3-operator
2026-01-27T01:30:16.202086,Keen Visions Trading,941966405661933,discipline,risk hiding inside stability,1191,941966405661933_122115825759161154,1,,,v1.3-operator
2026-01-26T13:44:50.772599,Contee’s Lawn Care,684298664768779,lawn,the hidden reason patchy lawns keep coming back,479,,0,190,"Error validating access token: Session has expired on Tuesday, 06-Jan-26 23:00:00 PST. The current time is Monday, 26-Jan-26 05:44:50 PST.",v1.3-operator
2026-01-26T13:44:31.055837,TradeCodeTech,607790205752662,discipline,rules replacing instinct under pressure,1126,607790205752662_122169758906826189,1,,,v1.3-operator
2026-01-26T13:44:15.877052,Keen Visions Trading,941966405661933,discipline,risk hiding inside stability,1060,941966405661933_122115742431161154,1,,,v1.3-operator
2026-01-26T01:30:33.338082,Contee’s Lawn Care,684298664768779,lawn,watering habits that look right but hurt grass,492,,0,190,"Error validating access token: Session has expired on Tuesday, 06-Jan-26 23:00:00 PST. The current time is Sunday, 25-Jan-26 17:30:33 PST.",v1.3-operator
2026-01-26T01:30:18.455580,TradeCodeTech,607790205752662,discipline,constraints outperforming flexibility,495,607790205752662_122169707264826189,1,,,v1.3-operator
2026-01-26T01:30:13.269031,Keen Visions Trading,941966405661933,discipline,patience that feels uncomfortable,633,941966405661933_122115638751161154,1,,,v1.3-operator
2026-01-25T13:30:35.009839,Contee’s Lawn Care,684298664768779,lawn,what to do after a freeze or sudden temperature swing,524,,0,190,"Error validating access token: Session has expired on Tuesday, 06-Jan-26 23:00:00 PST. The current time is Sunday, 25-Jan-26 05:30:34 PST.",v1.3-operator
2026-01-25T13:30:19.705087,TradeCodeTech,607790205752662,discipline,filters mattering more than signals,1117,607790205752662_122169652418826189,1,,,v1.3-operator
2026-01-25T13:30:11.467679,Keen Visions Trading,941966405661933,trading,markets rewarding bad behavior first,690,941966405661933_122115547155161154,1,,,v1.3-operator
2026-01-25T01:30:41.322687,Contee’s Lawn Care,684298664768779,lawn,the hidden reason patchy lawns keep coming back,427,,0,190,"Error validating access token: Session has expired on Tuesday, 06-Jan-26 23:00:00 PST. The current time is Saturday, 24-Jan-26 17:30:41 PST.",v1.3-operator
2026-01-25T01:30:21.723737,TradeCodeTech,607790205752662,trading,constraints outperforming flexibility,957,607790205752662_122169605606826189,1,,,v1.3-operator
2026-01-25T01:30:12.884597,Keen Visions Trading,941966405661933,trading,quiet price masking structural risk,790,941966405661933_122115448395161154,1,,,v1.3-operator
2026-01-24T13:30:37.721033,Contee’s Lawn Care,684298664768779,lawn,watering habits that look right but hurt grass,435,,0,190,"Error validating access token: Session has expired on Tuesday, 06-Jan-26 23:00:00 PST. The current time is Saturday, 24-Jan-26 05:30:37 PST.",v1.3-operator
2026-01-24T13:30:22.674475,TradeCodeTech,607790205752662,discipline,constraints outperforming flexibility,1166,607790205752662_122169562562826189,1,,,v1.3-operator
2026-01-24T13:30:14.530476,Keen Visions Trading,941966405661933,discipline,execution without emotional reward,1050,941966405661933_122115355701161154,1,,,v1.3-operator
2026-01-24T01:30:40.861402,Contee’s Lawn Care,684298664768779,lawn,what to do after a freeze or sudden temperature swing,287,,0,190,"Error validating access token: Session has expired on Tuesday, 06-Jan-26 23:00:00 PST. The current time is Friday, 23-Jan-26 17:30:40 PST.",v1.3-operator
2026-01-24T01:30:25.917623,TradeCodeTech,607790205752662,discipline,automation enforcing discipline,1114,607790205752662_122169515732826189,1,,,v1.3-operator
2026-01-24T01:30:17.718451,Keen Visions Trading,941966405661933,trading,markets rewarding bad behavior first,1048,941966405661933_122115265059161154,1,,,v1.3-operator
2026-01-23T13:30:36.260463,Contee’s Lawn Care,684298664768779,lawn,watering habits that look right but hurt grass,414,,0,190,"Error validating access token: Session has expired on Tuesday, 06-Jan-26 23:00:00 PST. The current time is Friday, 23-Jan-26 05:30:36 PST.",v1.3-operator
2026-01-23T13:30:21.319670,TradeCodeTech,607790205752662,discipline,constraints outperforming flexibility,498,607790205752662_122169462998826189,1,,,v1.3-operator
2026-01-23T13:30:14.630938,Keen Visions Trading,941966405661933,trading,stories replacing probabilities,1265,941966405661933_122115174711161154,1,,,v1.3-operator
2026-01-23T01:30:44.530562,Contee’s Lawn Care,684298664768779,lawn,seasonal mowing mistakes that damage lawns,425,,0,190,"Error validating access token: Session has expired on Tuesday, 06-Jan-26 23:00:00 PST. The current time is Thursday, 22-Jan-26 17:30:44 PST.",v1.3-operator
2026-01-23T01:30:25.254101,TradeCodeTech,607790205752662,trading,constraints outperforming flexibility,1455,607790205752662_122169413072826189,1,,,v1.3-operator
2026-01-23T01:30:15.963409,Keen Visions Trading,941966405661933,trading,markets rewarding bad behavior first,1209,941966405661933_122115087795161154,1,,,v1.3-operator
2026-01-22T13:30:37.091112,Contee’s Lawn Care,684298664768779,lawn,how mowing height affects heat and drought stress,314,,0,190,"Error validating access token: Session has expired on Tuesday, 06-Jan-26 23:00:00 PST. The current time is Thursday, 22-Jan-26 05:30:37 PST.",v1.3-operator
2026-01-22T13:30:21.216777,TradeCodeTech,607790205752662,trading,systems built after repeated mistakes,840,607790205752662_122169365318826189,1,,,v1.3-operator
2026-01-22T13:30:14.357061,Keen Visions Trading,941966405661933,discipline,risk hiding inside stability,1233,941966405661933_122114996085161154,1,,,v1.3-operator
2026-01-22T01:30:40.973288,Contee’s Lawn Care,684298664768779,lawn,the hidden reason patchy lawns keep coming back,434,,0,190,"Error validating access token: Session has expired on Tuesday, 06-Jan-26 23:00:00 PST. The current time is Wednesday, 21-Jan-26 17:30:41 PST.",v1.3-operator
2026-01-22T01:30:22.940405,TradeCodeTech,607790205752662,trading,constraints outperforming flexibility,1101,607790205752662_122169308804826189,1,,,v1.3-operator
2026-01-22T01:30:14.711640,Keen Visions Trading,941966405661933,discipline,patience that feels uncomfortable,1173,941966405661933_122114895609161154,1,,,v1.3-operator
2026-01-17T13:30:40.276832,Contee’s Lawn Care,684298664768779,lawn,watering habits that look right but hurt grass,484,,0,190,"Error validating access token: Session has expired on Tuesday, 06-Jan-26 23:00:00 PST. The current time is Saturday, 17-Jan-26 05:30:40 PST.",v1.3-operator
2026-01-17T13:30:21.132323,TradeCodeTech,607790205752662,discipline,filters mattering more than signals,1216,607790205752662_122168836316826189,1,,,v1.3-operator
2026-01-17T13:30:13.910405,Keen Visions Trading,941966405661933,trading,quiet price masking structural risk,1204,941966405661933_122114078823161154,1,,,v1.3-operator
2026-01-17T01:30:37.541665,Contee’s Lawn Care,684298664768779,lawn,watering habits that look right but hurt grass,457,,0,190,"Error validating access token: Session has expired on Tuesday, 06-Jan-26 23:00:00 PST. The current time is Friday, 16-Jan-26 17:30:37 PST.",v1.3-operator
2026-01-17T01:30:23.565229,TradeCodeTech,607790205752662,discipline,structure removing emotional override,1271,607790205752662_122168791502826189,1,,,v1.3-operator
2026-01-17T01:30:14.928186,Keen Visions Trading,941966405661933,trading,waiting while others chase movement,1325,941966405661933_122113972365161154,1,,,v1.3-operator
2026-01-16T13:30:47.171462,Contee’s Lawn Care,684298664768779,lawn,seasonal mowing mistakes that damage lawns,446,,0,190,"Error validating access token: Session has expired on Tuesday, 06-Jan-26 23:00:00 PST. The current time is Friday, 16-Jan-26 05:30:47 PST.",v1.3-operator
2026-01-16T13:30:20.766819,TradeCodeTech,607790205752662,trading,rules replacing instinct under pressure,528,607790205752662_122168744738826189,1,,,v1.3-operator
2026-01-16T13:30:14.808641,Keen Visions Trading,941966405661933,discipline,discipline when nothing is happening,1278,941966405661933_122113881429161154,1,,,v1.3-operator
2026-01-16T01:30:34.274702,Contee’s Lawn Care,684298664768779,lawn,watering habits that look right but hurt grass,612,,0,190,"Error validating access token: Session has expired on Tuesday, 06-Jan-26 23:00:00 PST. The current time is Thursday, 15-Jan-26 17:30:34 PST.",v1.3-operator
2026-01-16T01:30:17.716077,TradeCodeTech,607790205752662,discipline,automation enforcing discipline,443,607790205752662_122168705210826189,1,,,v1.3-operator
2026-01-16T01:30:12.153896,Keen Visions Trading,941966405661933,discipline,restraint in calm environments,949,941966405661933_122113778643161154,1,,,v1.3-operator
2026-01-15T13:30:42.352951,Contee’s Lawn Care,684298664768779,lawn,watering habits that look right but hurt grass,431,,0,190,"Error validating access token: Session has expired on Tuesday, 06-Jan-26 23:00:00 PST. The current time is Thursday, 15-Jan-26 05:30:42 PST.",v1.3-operator
2026-01-15T13:30:27.868044,TradeCodeTech,607790205752662,discipline,automation enforcing discipline,1304,607790205752662_122168651504826189,1,,,v1.3-operator
2026-01-15T13:30:17.858175,Keen Visions Trading,941966405661933,trading,reaction outperforming prediction,2032,941966405661933_122113674045161154,1,,,v1.3-operator
2026-01-15T01:30:38.717437,Contee’s Lawn Care,684298664768779,lawn,the hidden reason patchy lawns keep coming back,480,,0,190,"Error validating access token: Session has expired on Tuesday, 06-Jan-26 23:00:00 PST. The current time is Wednesday, 14-Jan-26 17:30:38 PST.",v1.3-operator
2026-01-15T01:30:23.837326,TradeCodeTech,607790205752662,discipline,constraints outperforming flexibility,1149,607790205752662_122168605388826189,1,,,v1.3-operator
2026-01-15T01:30:15.797783,Keen Visions Trading,941966405661933,discipline,patience that feels uncomfortable,1107,941966405661933_122113564647161154,1,,,v1.3-operator
2026-01-14T13:30:40.337411,Contee’s Lawn Care,684298664768779,lawn,seasonal mowing mistakes that damage lawns,493,,0,190,"Error validating access token: Session has expired on Tuesday, 06-Jan-26 23:00:00 PST. The current time is Wednesday, 14-Jan-26 05:30:39 PST.",v1.3-operator
2026-01-14T13:30:20.656077,TradeCodeTech,607790205752662,discipline,automation enforcing discipline,472,607790205752662_122168555000826189,1,,,v1.3-operator
2026-01-14T13:30:12.344746,Keen Visions Trading,941966405661933,discipline,patience that feels uncomfortable,937,941966405661933_122113466205161154,1,,,v1.3-operator
2026-01-14T01:30:38.982989,Contee’s Lawn Care,684298664768779,lawn,the hidden reason patchy lawns keep coming back,356,,0,190,"Error validating access token: Session has expired on Tuesday, 06-Jan-26 23:00:00 PST. The current time is Tuesday, 13-Jan-26 17:30:38 PST.",v1.3-operator
2026-01-14T01:30:22.742063,TradeCodeTech,607790205752662,discipline,filters mattering more than signals,1076,607790205752662_122168503574826189,1,,,v1.3-operator
2026-01-14T01:30:15.237692,Keen Visions Trading,941966405661933,trading,quiet price masking structural risk,1527,941966405661933_122113363371161154,1,,,v1.3-operator
2026-01-13T13:30:46.925720,Contee’s Lawn Care,684298664768779,lawn,why lawns decline even when you're trying,318,,0,190,"Error validating access token: Session has expired on Tuesday, 06-Jan-26 23:00:00 PST. The current time is Tuesday, 13-Jan-26 05:30:47 PST.",v1.3-operator
2026-01-13T13:30:28.397347,TradeCodeTech,607790205752662,trading,constraints outperforming flexibility,1012,607790205752662_122168454626826189,1,,,v1.3-operator
2026-01-13T13:30:21.526491,Keen Visions Trading,941966405661933,discipline,restraint in calm environments,1288,941966405661933_122113247991161154,1,,,v1.3-operator
2026-01-13T01:30:41.564190,Contee’s Lawn Care,684298664768779,lawn,why lawns decline even when you're trying,535,,0,190,"Error validating access token: Session has expired on Tuesday, 06-Jan-26 23:00:00 PST. The current time is Monday, 12-Jan-26 17:30:41 PST.",v1.3-operator
2026-01-13T01:30:22.563771,TradeCodeTech,607790205752662,discipline,filters mattering more than signals,927,607790205752662_122168406044826189,1,,,v1.3-operator
2026-01-13T01:30:16.107307,Keen Visions Trading,941966405661933,discipline,consistency across regime shifts,541,941966405661933_122113141731161154,1,,,v1.3-operator
2026-01-12T13:30:32.576419,Contee’s Lawn Care,684298664768779,lawn,simple weekly routines that prevent expensive fixes,305,,0,190,"Error validating access token: Session has expired on Tuesday, 06-Jan-26 23:00:00 PST. The current time is Monday, 12-Jan-26 05:30:32 PST.",v1.3-operator
2026-01-12T13:30:16.210242,TradeCodeTech,607790205752662,discipline,filters mattering more than signals,917,607790205752662_122168341250826189,1,,,v1.3-operator
2026-01-12T13:30:10.645791,Keen Visions Trading,941966405661933,discipline,discipline when nothing is happening,539,941966405661933_122113015809161154,1,,,v1.3-operator
2026-01-12T01:30:35.337743,Contee’s Lawn Care,684298664768779,lawn,what to do after a freeze or sudden temperature swing,515,,0,190,"Error validating access token: Session has expired on Tuesday, 06-Jan-26 23:00:00 PST. The current time is Sunday, 11-Jan-26 17:30:35 PST.",v1.3-operator
2026-01-12T01:30:19.042809,TradeCodeTech,607790205752662,trading,filters mattering more than signals,643,607790205752662_122168286620826189,1,,,v1.3-operator
2026-01-12T01:30:13.442803,Keen Visions Trading,941966405661933,trading,quiet price masking structural risk,1368,941966405661933_122112892593161154,1,,,v1.3-operator
2026-01-10T02:15:18.611991,Contee’s Lawn Care,684298664768779,lawn,why lawns decline even when you're trying,301,,0,190,"Error validating access token: Session has expired on Tuesday, 06-Jan-26 23:00:00 PST. The current time is Friday, 09-Jan-26 18:15:18 PST.",v1.3-operator
2026-01-10T02:15:05.766193,TradeCodeTech,607790205752662,discipline,filters mattering more than signals,892,607790205752662_122168080370826189,1,,,v1.3-operator
2026-01-10T02:15:00.697456,Keen Visions Trading,941966405661933,trading,quiet price masking structural risk,1158,941966405661933_122112351237161154,1,,,v1.3-operator
2026-01-10T02:14:45.838062,Contee’s Lawn Care,684298664768779,lawn,simple weekly routines that prevent expensive fixes,459,,0,190,"Error validating access token: Session has expired on Tuesday, 06-Jan-26 23:00:00 PST. The current time is Friday, 09-Jan-26 18:14:45 PST.",v1.3-operator
2026-01-10T02:14:33.796585,TradeCodeTech,607790205752662,trading,automation enforcing discipline,484,607790205752662_122168080346826189,1,,,v1.3-operator
2026-01-10T02:14:30.670232,Keen Visions Trading,941966405661933,discipline,patience that feels uncomfortable,1235,941966405661933_122112351195161154,1,,,v1.3-operator
2026-01-10T02:07:36.952667,Contee’s Lawn Care,684298664768779,lawn,why weeds explode after rain and warm nights,267,,0,190,"Error validating access token: Session has expired on Tuesday, 06-Jan-26 23:00:00 PST. The current time is Friday, 09-Jan-26 18:07:37 PST.",v1.3-operator
2026-01-10T02:07:24.518056,TradeCodeTech,607790205752662,discipline,rules replacing instinct under pressure,1310,607790205752662_122168080154826189,1,,,v1.3-operator
2026-01-10T02:07:16.069224,Keen Visions Trading,941966405661933,trading,quiet price masking structural risk,1146,941966405661933_122112350775161154,1,,,v1.3-operator
2026-01-10T02:02:48.039384,Contee’s Lawn Care,684298664768779,lawn,simple weekly routines that prevent expensive fixes,516,,0,190,"Error validating access token: Session has expired on Tuesday, 06-Jan-26 23:00:00 PST. The current time is Friday, 09-Jan-26 18:02:48 PST.",v1.3-operator
2026-01-10T02:02:34.330048,TradeCodeTech,607790205752662,discipline,filters mattering more than signals,887,607790205752662_122168079944826189,1,,,v1.3-operator
2026-01-10T02:02:28.252911,Keen Visions Trading,941966405661933,trading,markets rewarding bad behavior first,1438,941966405661933_122112350397161154,1,,,v1.3-operator
2026-01-10T01:56:49.511198,Contee’s Lawn Care,684298664768779,lawn,simple weekly routines that prevent expensive fixes,460,,0,190,"Error validating access token: Session has expired on Tuesday, 06-Jan-26 23:00:00 PST. The current time is Friday, 09-Jan-26 17:56:49 PST.",v1.3-operator
2026-01-10T01:56:34.820946,TradeCodeTech,607790205752662,discipline,automation enforcing discipline,1161,607790205752662_122168079764826189,1,,,v1.3-operator
2026-01-10T01:56:28.227899,Keen Visions Trading,941966405661933,trading,waiting while others chase movement,1308,941966405661933_122112348933161154,1,,,v1.3-operator
2026-01-10T01:42:37.083087,Contee’s Lawn Care,684298664768779,lawn,simple weekly routines that prevent expensive fixes,333,,0,190,"Error validating access token: Session has expired on Tuesday, 06-Jan-26 23:00:00 PST. The current time is Friday, 09-Jan-26 17:42:37 PST.",v1.3-operator
2026-01-10T01:42:23.047095,TradeCodeTech,607790205752662,discipline,filters mattering more than signals,534,607790205752662_122168079272826189,1,,,v1.3-operator
2026-01-10T01:42:17.410561,Keen Visions Trading,941966405661933,discipline,consistency across regime shifts,1365,941966405661933_122112334959161154,1,,,v1.3-operator
2026-01-10T01:39:47.706660,Contee’s Lawn Care,684298664768779,lawn,why weeds explode after rain and warm nights,330,,0,190,"Error validating access token: Session has expired on Tuesday, 06-Jan-26 23:00:00 PST. The current time is Friday, 09-Jan-26 17:39:47 PST.",v1.3-operator
2026-01-10T01:39:32.963388,TradeCodeTech,607790205752662,discipline,filters mattering more than signals,1277,607790205752662_122168079152826189,1,,,v1.3-operator
2026-01-10T01:39:25.999312,Keen Visions Trading,941966405661933,discipline,execution without emotional reward,1120,941966405661933_122112334731161154,1,,,v1.3-operator
2026-01-10T01:37:03.948386,Contee’s Lawn Care,684298664768779,lawn,what to do after a freeze or sudden temperature swing,497,,0,190,"Error validating access token: Session has expired on Tuesday, 06-Jan-26 23:00:00 PST. The current time is Friday, 09-Jan-26 17:37:04 PST.",v1.3-operator
2026-01-10T01:36:47.029855,TradeCodeTech,607790205752662,discipline,rules replacing instinct under pressure,986,607790205752662_122168078942826189,1,,,v1.3-operator
2026-01-10T01:36:37.869120,Keen Visions Trading,941966405661933,trading,waiting while others chase movement,630,941966405661933_122112334503161154,1,,,v1.3-operator
2026-01-10T01:30:34.809303,Contee’s Lawn Care,684298664768779,lawn,watering habits that look right but hurt grass,316,,0,190,"Error validating access token: Session has expired on Tuesday, 06-Jan-26 23:00:00 PST. The current time is Friday, 09-Jan-26 17:30:34 PST.",v1.3-operator
2026-01-10T01:30:18.564749,TradeCodeTech,607790205752662,discipline,structure removing emotional override,450,607790205752662_122168078666826189,1,,,v1.3-operator
2026-01-10T01:30:12.620197,Keen Visions Trading,941966405661933,discipline,consistency across regime shifts,649,941966405661933_122112334035161154,1,,,v1.3-operator
2026-01-10T00:52:27.298764,Contee’s Lawn Care,684298664768779,lawn,how mowing height affects heat and drought stress,338,,0,190,"Error validating access token: Session has expired on Tuesday, 06-Jan-26 23:00:00 PST. The current time is Friday, 09-Jan-26 16:52:27 PST.",v1.3-operator
2026-01-10T00:52:12.731136,TradeCodeTech,607790205752662,trading,systems built after repeated mistakes,1291,607790205752662_122168076692826189,1,,,v1.3-operator
2026-01-10T00:51:55.570663,Keen Visions Trading,941966405661933,trading,stories replacing probabilities,1493,941966405661933_122112329001161154,1,,,v1.3-operator
2026-01-09T14:51:50.728217,Contee’s Lawn Care,684298664768779,lawn,why lawns decline even when you’re trying,384,,0,190,"Error validating access token: Session has expired on Tuesday, 06-Jan-26 23:00:00 PST. The current time is Friday, 09-Jan-26 06:51:48 PST.",v1.0-legacy
2026-01-09T14:50:55.752578,TradeCodeTech,607790205752662,trading,automation enforcing discipline,1073,607790205752662_122168036936826189,1,,,v1.0-legacy
2026-01-09T14:50:49.432988,Keen Visions Trading,941966405661933,discipline,restraint in calm environments,1324,941966405661933_122112235557161154,1,,,v1.0-legacy
2026-01-07T05:25:37.011089,Contee’s Lawn Care,684298664768779,lawn,simple weekly routines that prevent expensive fixes,423,,0,10,Application does not have permission for this action,v1.0-legacy
2026-01-07T05:24:53.467959,TradeCodeTech,607790205752662,discipline,systems built after repeated mistakes,499,607790205752662_122167783238826189,1,,,v1.0-legacy
2026-01-07T05:24:48.078202,Keen Visions Trading,941966405661933,trading,reaction outperforming prediction,635,941966405661933_122111669859161154,1,,,v1.0-legacy
2026-01-07T05:15:55.969957,Contee’s Lawn Care,684298664768779,lawn,simple weekly routines that prevent expensive fixes,504,,0,10,Application does not have permission for this action,v1.0-legacy
2026-01-07T05:15:21.038118,TradeCodeTech,607790205752662,discipline,automation enforcing discipline,1098,607790205752662_122167780502826189,1,,,v1.0-legacy
2026-01-07T05:15:12.765009,Keen Visions Trading,941966405661933,trading,reaction outperforming prediction,1219,941966405661933_122111668413161154,1,,,v1.0-legacy
2026-01-05T13:30:59.242654,Contee’s Lawn Care,684298664768779,lawn,simple weekly routines that prevent expensive fixes,322,,0,10,Application does not have permission for this action,v1.0-legacy
2026-01-05T13:30:23.408281,TradeCodeTech,607790205752662,discipline,structure removing emotional override,1008,607790205752662_122167567376826189,1,,,v1.0-legacy
2026-01-05T13:30:16.627503,Keen Visions Trading,941966405661933,discipline,restraint in calm environments,1209,941966405661933_122111229669161154,1,,,v1.0-legacy
2026-01-05T01:31:01.794371,Contee’s Lawn Care,684298664768779,lawn,the hidden reason patchy lawns keep coming back,482,,0,10,Application does not have permission for this action,v1.0-legacy
2026-01-05T01:30:25.615070,TradeCodeTech,607790205752662,trading,constraints outperforming flexibility,1001,607790205752662_122167508852826189,1,,,v1.0-legacy
2026-01-05T01:30:19.681694,Keen Visions Trading,941966405661933,discipline,consistency across regime shifts,1192,941966405661933_122111018505161154,1,,,v1.0-legacy
2026-01-05T01:25:05.453228,Contee’s Lawn Care,684298664768779,lawn,what to do after a freeze or sudden temperature swing,295,,0,10,Application does not have permission for this action,v1.0-legacy
2026-01-05T01:24:21.816537,TradeCodeTech,607790205752662,discipline,systems built after repeated mistakes,1443,607790205752662_122167508570826189,1,,,v1.0-legacy
2026-01-05T01:24:12.992877,Keen Visions Trading,941966405661933,trading,reaction outperforming prediction,1125,941966405661933_122111017791161154,1,,,v1.0-legacy
2026-01-04T23:32:12.533049,Contee’s Lawn Care,684298664768779,lawn,the hidden reason patchy lawns keep coming back,441,,0,190,"Error validating access token: Session has expired on Sunday, 04-Jan-26 12:00:00 PST. The current time is Sunday, 04-Jan-26 15:32:12 PST.",v1.0-legacy
2026-01-04T23:31:30.601831,TradeCodeTech,607790205752662,trading,systems built after repeated mistakes,505,607790205752662_122167501532826189,1,,,v1.0-legacy
2026-01-04T23:31:25.782331,Keen Visions Trading,941966405661933,discipline,discipline when nothing is happening,1362,941966405661933_122111004609161154,1,,,v1.0-legacy
2026-01-04T23:25:20.303590,TradeCodeTech,607790205752662,discipline,rules replacing instinct under pressure,1142,607790205752662_122167501154826189,1,,,v1.0-legacy
2026-01-04T23:25:13.926697,Keen Visions Trading,941966405661933,trading,reaction outperforming prediction,637,941966405661933_122111004261161154,1,,,v1.0-legacy
2026-01-04T23:09:02.367641,TradeCodeTech,607790205752662,discipline,automation enforcing discipline,1180,607790205752662_122167500038826189,1,,,v1.0-legacy
2026-01-04T23:08:54.372475,Keen Visions Trading,941966405661933,discipline,risk hiding inside stability,1484,941966405661933_122111002731161154,1,,,v1.0-legacy
2026-01-04T13:30:15.921498,TradeCodeTech,607790205752662,discipline,automation enforcing discipline,450,607790205752662_122167454858826189,1,,,v1.0-legacy
2026-01-04T13:30:11.789215,Keen Visions Trading,941966405661933,discipline,patience that feels uncomfortable,1140,941966405661933_122110894443161154,1,,,v1.0-legacy
2026-01-04T01:45:53.087334,TradeCodeTech,607790205752662,discipline,filters mattering more than signals,553,607790205752662_122167403120826189,1,,,v1.0-legacy
2026-01-04T01:45:48.209853,Keen Visions Trading,941966405661933,discipline,discipline when nothing is happening,1254,941966405661933_122110749909161154,1,,,v1.0-legacy
2026-01-04T01:41:18.552429,TradeCodeTech,607790205752662,discipline,filters mattering more than signals,431,607790205752662_122167402784826189,1,,,v1.0-legacy
2026-01-04T01:41:15.086165,Keen Visions Trading,941966405661933,discipline,patience that feels uncomfortable,1124,941966405661933_122110748733161154,1,,,v1.0-legacy
2026-01-04T01:23:31.244824,TradeCodeTech,607790205752662,discipline,filters mattering more than signals,387,607790205752662_122167401536826189,1,,,v1.0-legacy
2026-01-04T01:23:27.570187,Keen Visions Trading,941966405661933,discipline,risk hiding inside stability,291,941966405661933_122110744935161154,1,,,v1.0-legacy
2026-01-04T00:09:13.992818,TradeCodeTech,607790205752662,trading,constraints outperforming flexibility,311,607790205752662_122167397294826189,1,,,v1.0-legacy
2026-01-04T00:09:10.036800,Keen Visions Trading,941966405661933,discipline,discipline when nothing is happening,396,941966405661933_122110733949161154,1,,,v1.0-legacy
2026-01-03T20:47:04.066180,TradeCodeTech,607790205752662,discipline,automation enforcing discipline,316,607790205752662_122167387700826189,1,,,v1.0-legacy
2026-01-03T20:46:59.806543,Keen Visions Trading,941966405661933,discipline,discipline when nothing is happening,276,941966405661933_122110707309161154,1,,,v1.0-legacy
2026-01-03T20:33:31.492499,TradeCodeTech,607790205752662,discipline,systems built after repeated mistakes,365,607790205752662_122167386212826189,1,,,v1.0-legacy
2026-01-03T20:33:26.379493,Keen Visions Trading,941966405661933,discipline,consistency across regime shifts,316,941966405661933_122110705695161154,1,,,v1.0-legacy
2026-01-03T20:20:13.282159,TradeCodeTech,607790205752662,trading,structure protecting against emotion,307,607790205752662_122167385342826189,1,,,v1.0-legacy
2026-01-03T20:20:08.128343,Keen Visions Trading,941966405661933,trading,waiting while others chase,350,941966405661933_122110701201161154,1,,,v1.0-legacy
2026-01-03T20:10:16.065826,TradeCodeTech,607790205752662,discipline,structure protecting against emotion,355,607790205752662_122167384724826189,1,,,v1.0-legacy
2026-01-03T20:10:07.122657,Keen Visions Trading,941966405661933,discipline,discipline under uncertainty,246,941966405661933_122110699233161154,1,,,v1.0-legacy
2026-01-03T20:00:16.266243,TradeCodeTech,607790205752662,discipline,removing discretion when volatility expands,362,607790205752662_122167384004826189,1,,,v1.0-legacy
2026-01-03T20:00:08.325051,Keen Visions Trading,941966405661933,discipline,discipline under uncertainty,266,941966405661933_122110697535161154,1,,,v1.0-legacy
2026-01-03T19:50:12.299535,TradeCodeTech,607790205752662,discipline,structure protecting against emotion,276,607790205752662_122167383218826189,1,,,v1.0-legacy
2026-01-03T19:50:08.867362,Keen Visions Trading,941966405661933,discipline,consistency across changing regimes,304,941966405661933_122110696527161154,1,,,v1.0-legacy
2026-01-03T19:40:11.065256,TradeCodeTech,607790205752662,trading,structure protecting against emotion,320,607790205752662_122167382294826189,1,,,v1.0-legacy
2026-01-03T19:40:06.691902,Keen Visions Trading,941966405661933,trading,probabilities ignored in favor of stories,343,941966405661933_122110695615161154,1,,,v1.0-legacy
2026-01-03T19:30:10.894957,TradeCodeTech,607790205752662,discipline,automation enforcing discipline,316,607790205752662_122167381712826189,1,,,v1.0-legacy
2026-01-03T19:30:07.638403,Keen Visions Trading,941966405661933,trading,waiting while others chase,293,941966405661933_122110693527161154,1,,,v1.0-legacy
2026-01-03T19:20:10.541438,TradeCodeTech,607790205752662,discipline,rules replacing instinct under pressure,370,607790205752662_122167380998826189,1,,,v1.0-legacy
2026-01-03T19:20:07.326695,Keen Visions Trading,941966405661933,trading,probabilities ignored in favor of stories,277,941966405661933_122110687269161154,1,,,v1.0-legacy
2026-01-03T19:10:11.645143,TradeCodeTech,607790205752662,trading,automation enforcing discipline,361,607790205752662_122167380350826189,1,,,v1.0-legacy
2026-01-03T19:10:08.255885,Keen Visions Trading,941966405661933,trading,probabilities ignored in favor of stories,351,941966405661933_122110686339161154,1,,,v1.0-legacy
2026-01-03T19:00:11.958625,TradeCodeTech,607790205752662,discipline,systems built after repeated mistakes,323,607790205752662_122167379510826189,1,,,v1.0-legacy
2026-01-03T19:00:08.312082,Keen Visions Trading,941966405661933,trading,waiting while others chase,348,941966405661933_122110685169161154,1,,,v1.0-legacy
2026-01-03T18:50:10.224350,TradeCodeTech,607790205752662,discipline,automation enforcing discipline,303,607790205752662_122167377014826189,1,,,v1.0-legacy
2026-01-03T18:50:07.132827,Keen Visions Trading,941966405661933,discipline,patience misunderstood as inactivity,280,941966405661933_122110681167161154,1,,,v1.0-legacy
2026-01-03T18:40:13.299303,TradeCodeTech,607790205752662,trading,removing discretion when volatility expands,292,607790205752662_122167373786826189,1,,,v1.0-legacy
2026-01-03T18:40:08.991876,Keen Visions Trading,941966405661933,trading,reaction over prediction,323,941966405661933_122110679451161154,1,,,v1.0-legacy
2026-01-03T18:30:19.585376,TradeCodeTech,607790205752662,discipline,systems built after repeated mistakes,299,607790205752662_122167373066826189,1,,,v1.0-legacy
2026-01-03T18:30:15.757305,Keen Visions Trading,941966405661933,discipline,consistency across changing regimes,344,941966405661933_122110676895161154,1,,,v1.0-legacy
2026-01-03T18:20:10.420684,TradeCodeTech,607790205752662,trading,removing discretion when volatility expands,356,607790205752662_122167372400826189,1,,,v1.0-legacy
2026-01-03T18:20:06.464916,Keen Visions Trading,941966405661933,discipline,discipline under uncertainty,321,941966405661933_122110676043161154,1,,,v1.0-legacy
2026-01-03T18:19:55.589136,TradeCodeTech,607790205752662,discipline,automation enforcing discipline,353,607790205752662_122167372370826189,1,,,v1.0-legacy
2026-01-03T18:19:50.349360,Keen Visions Trading,941966405661933,discipline,discipline under uncertainty,300,941966405661933_122110676025161154,1,,,v1.0-legacy
2026-01-03T17:40:18.259549,TradeCodeTech,607790205752662,trading,systems built after repeated mistakes,311,607790205752662_122167370042826189,1,,,v1.0-legacy
2026-01-03T17:40:14.025709,Keen Visions Trading,941966405661933,discipline,discipline under uncertainty,320,941966405661933_122110669095161154,1,,,v1.0-legacy
2026-01-03T17:30:29.935085,TradeCodeTech,607790205752662,discipline,rules replacing instinct under pressure,289,607790205752662_122167369082826189,1,,,v1.0-legacy
2026-01-03T17:30:26.247667,Keen Visions Trading,941966405661933,discipline,discipline under uncertainty,296,941966405661933_122110667235161154,1,,,v1.0-legacy
2026-01-03T17:20:17.780572,TradeCodeTech,607790205752662,discipline,automation enforcing discipline,292,607790205752662_122167367918826189,1,,,v1.0-legacy
2026-01-03T17:20:14.628967,Keen Visions Trading,941966405661933,trading,probabilities ignored in favor of stories,388,941966405661933_122110665303161154,1,,,v1.0-legacy
2026-01-03T17:10:20.189534,TradeCodeTech,607790205752662,trading,structure protecting against emotion,338,607790205752662_122167366946826189,1,,,v1.0-legacy
2026-01-03T17:10:15.188870,Keen Visions Trading,941966405661933,trading,price staying quiet while risk builds,346,941966405661933_122110663419161154,1,,,v1.0-legacy
2026-01-03T16:52:58.847957,TradeCodeTech,607790205752662,trading,removing discretion when volatility expands,299,607790205752662_122167363322826189,1,,,v1.0-legacy
2026-01-03T16:52:54.109147,Keen Visions Trading,941966405661933,trading,reaction over prediction,296,941966405661933_122110660155161154,1,,,v1.0-legacy
2026-01-03T16:00:01.808807,TradeCodeTech,607790205752662,discipline,rules replacing instinct under pressure,377,607790205752662_122167356578826189,1,,,v1.0-legacy
2026-01-03T15:59:57.455707,Keen Visions Trading,941966405661933,discipline,execution without excitement,284,941966405661933_122110649643161154,1,,,v1.0-legacy
2026-01-03T15:51:49.618888,TradeCodeTech,607790205752662,discipline,structure protecting against emotion,306,607790205752662_122167355840826189,1,,,v1.0-legacy
2026-01-03T15:51:46.853849,Keen Visions Trading,941966405661933,discipline,patience misunderstood as inactivity,342,941966405661933_122110648179161154,1,,,v1.0-legacy
2026-01-03T15:51:08.686480,TradeCodeTech,607790205752662,discipline,rules replacing instinct under pressure,316,607790205752662_122167355732826189,1,,,v1.0-legacy
2026-01-03T15:51:04.401217,Keen Visions Trading,941966405661933,discipline,execution without excitement,285,941966405661933_122110648083161154,1,,,v1.0-legacy
2026-01-03T07:03:45.281003,TradeCodeTech,607790205752662,discipline,rules replacing instinct under pressure,313,607790205752662_122167297994826189,1,,,v1.0-legacy
2026-01-03T07:03:42.247627,Keen Visions Trading,941966405661933,discipline,patience misunderstood as inactivity,265,941966405661933_122110518447161154,1,,,v1.0-legacy
2026-01-03T06:55:55.184718,TradeCodeTech,607790205752662,trading,removing emotion from execution,372,607790205752662_122167297592826189,1,,,v1.0-legacy
2026-01-03T06:55:52.767198,Keen Visions Trading,941966405661933,discipline,consistency across cycles,246,941966405661933_122110517475161154,1,,,v1.0-legacy
2026-01-03T06:54:27.246835,TradeCodeTech,607790205752662,trading,rules replacing discretion,354,607790205752662_122167297220826189,1,,,v1.0-legacy
2026-01-03T06:54:23.285016,Keen Visions Trading,941966405661933,discipline,decision quality over frequency,308,941966405661933_122110517307161154,1,,,v1.0-legacy
2026-01-03T06:46:25.490084,TradeCodeTech,607790205752662,discipline,process reliability,314,607790205752662_122167296980826189,1,,,v1.0-legacy
2026-01-03T06:46:22.816212,Keen Visions Trading,941966405661933,trading,risk management,266,941966405661933_122110515885161154,1,,,v1.0-legacy
2026-01-03T06:22:08.607327,TradeCodeTech,607790205752662,discipline,design before execution,257,607790205752662_122167295600826189,1,,,v1.0-legacy
2026-01-03T06:22:06.080837,Keen Visions Trading,941966405661933,discipline,restraint,278,,0,190,"Error validating access token: Session has expired on Friday, 02-Jan-26 22:00:00 PST. The current time is Friday, 02-Jan-26 22:22:06 PST.",v1.0-legacy
2026-01-03T05:57:57.818023,Keen Visions Trading,941966405661933,trading,confidence without force,166,941966405661933_122110508169161154,1,,,v1.0-legacy
2026-01-03T05:53:36.620642,Keen Visions Trading,941966405661933,discipline,restraint,160,941966405661933_122110507665161154,1,,,v1.0-legacy
2026-01-03T05:12:24.391322,Keen Visions Trading,941966405661933,discipline,consistency,158,941966405661933_122110502535161154,1,,,v1.0-legacy
2026-01-03T05:08:31.379677,Keen Visions Trading,941966405661933,trading,waiting,151,941966405661933_122110502229161154,1,,,v1.0-legacy
2026-01-03T05:07:46.352494,Keen Visions Trading,941966405661933,trading,patience,147,941966405661933_122110502169161154,1,,,v1.0-legacy
